code	zh	cat	track	instances	ok	usec	policy
A-01	確定性偽亂數產生器 xorshift64*	核心工具	位元精確	24	1	391	ok:24
A-02	Euclid 最大公因數（BigInt）	核心工具	精確 ℤ	8	1	501	ok:8
A-03	有理數體 ℚ（既約表示）	純量體	精確 ℚ	8	1	423	ok:8
A-04	整數平方根 ⌊√a⌋（Newton 下取整）	核心工具	精確 ℤ	8	1	195	ok:8
A-05	Newton 法平方根（Double）	核心工具	數值 ℝ	8	1	127	ok:8
A-06	Taylor 級數 sin / cos（含區間歸約）	核心工具	數值 ℝ	8	1	63	ok:8
A-07	四象限反正切 atan2	核心工具	數值 ℝ	8	1	67	ok:8
A-08	快速冪（平方–乘法）	核心工具	精確 ℚ	8	1	188	ok:8
A-09	複數體 ℚ(i)（Gauss 有理數）	純量體	精確 ℚ(i)	8	1	542	ok:8
A-10	四元數代數 ℍ（Hamilton 乘法）	純量代數	精確 ℚ	8	1	2751	ok:8
B-01	標準歐幾里得空間 ℚ⁴ 之全公理	空間公理	精確 ℚ	23	1	1008	ok:23
B-02	有限集合上之加權函數空間 ℚ^S	空間公理	精確 ℚ	23	1	886	ok:23
B-03	對稱矩陣空間 Sym₄ 之全公理	空間公理	精確 ℚ	23	1	2025	ok:23
B-04	複 Hermitian 矩陣空間 Herm₃(ℂ) 之全公理	空間公理	精確 ℚ(i)/ℚ	23	1	2776	ok:23
B-05	對角矩陣空間 Diag₅ 之全公理	空間公理	精確 ℚ	23	1	1852	ok:23
B-06	多項式空間 P（L²[−1,1]）之全公理	空間公理	精確 ℚ	23	1	2011	ok:23
B-07	多變量多項式空間（Bombieri 內積）之全公理	空間公理	精確 ℚ	23	1	1955	ok:23
B-08	四元數空間 ℍ² 之全公理	空間公理	精確 ℚ	23	1	823	ok:23
B-09	外冪 Λ²(ℚ⁴) 之全公理	空間公理	精確 ℚ	23	1	550	ok:23
B-10	全外代數 Λ(ℚ³) 之全公理	空間公理	精確 ℚ	23	1	765	ok:23
B-11	列空間 col(A) 作為子空間之全公理	空間公理	精確 ℚ	23	1	4361	ok:23
B-12	反對稱空間 so(4) 與跡零空間 sl₃ 之全公理	空間公理	精確 ℚ	46	1	2022	ok:46
B-13	么正空間 ℂ³（Hermitian 內積）之全公理	空間公理	精確 ℚ(i)	23	1	1120	ok:23
B-14	Gram 矩陣之 Hermitian 正定性（Sylvester 判準）	空間公理	精確 ℚ	23	1	15813	ok:23
B-15	維數公式 dim(U+W) + dim(U∩W) = dim U + dim W	空間公理	精確 ℚ	23	1	15440	ok:23
C-01	矩陣乘法與環結構	矩陣演算法	精確 ℚ	10	1	3481	ok:10
C-02	轉置與共軛轉置之反序律	矩陣演算法	精確 ℚ/ℚ(i)	10	1	6201	ok:10
C-03	Gauss–Jordan 消去與 RREF	矩陣演算法	精確 ℚ	10	1	5130	ok:10
C-04	秩與秩–零化度定理	矩陣演算法	精確 ℚ	10	1	5453	ok:10
C-05	行列式（消去法／樞軸乘積）	矩陣演算法	精確 ℚ	10	1	1493	ok:10
C-06	行列式（Laplace 餘因子展開）	矩陣演算法	精確 ℚ	10	1	1396	ok:10
C-07	行列式之乘性	矩陣演算法	精確 ℚ	10	1	5285	ok:10
C-08	反矩陣（Gauss–Jordan）	矩陣演算法	精確 ℚ	10	1	16376	ok:10
C-09	線性方程組與 Rouché–Capelli 定理	矩陣演算法	精確 ℚ	10	1	5956	ok:10
C-10	零空間與列／行空間基底	矩陣演算法	精確 ℚ	10	1	10041	ok:10
C-11	四基本子空間之正交分解	矩陣演算法	精確 ℚ	10	1	9976	ok:10
C-12	LU 分解（部分樞軸）	矩陣演算法	精確 ℚ	10	1	6464	ok:10
C-13	Kronecker 積與混合積律	矩陣演算法	精確 ℚ	10	1	8370	ok:10
C-14	vec 運算與 Sylvester 方程之線性化	矩陣演算法	精確 ℚ	10	1	2195	ok:10
C-15	Schur 補與分塊行列式	矩陣演算法	精確 ℚ	10	1	3554	ok:10
C-16	Faddeev–LeVerrier 特徵多項式	矩陣演算法	精確 ℚ	10	1	5668	ok:10
C-17	Cayley–Hamilton 定理	矩陣演算法	精確 ℚ	10	1	5371	ok:10
C-18	伴隨矩陣（古典 adjugate）	矩陣演算法	精確 ℚ	10	1	9016	ok:10
C-19	Cramer 法則	矩陣演算法	精確 ℚ	10	1	8868	ok:10
C-20	矩陣冪與 Cayley 變換	矩陣演算法	精確 ℚ	10	1	8771	ok:10
D-01	Gram–Schmidt 正交化（經典）	內積演算法	精確 ℚ	10	1	154496	ok:10
D-02	改良 Gram–Schmidt（MGS）	內積演算法	精確 ℚ	10	1	7911	ok:10
D-03	標準正交化與體之可開方性	內積演算法	精確 ℚ + 數值 ℝ	10	1	9325	ok:10
D-04	Gram 行列式、k 維體積與 Hadamard 不等式	內積演算法	精確 ℚ	10	1	6483	ok:10
D-05	正交投影與最佳逼近定理	內積演算法	精確 ℚ	10	1	31305	ok:10
D-06	點到子空間之距離	內積演算法	精確 ℚ	10	1	7779	ok:10
D-07	投影矩陣之代數特徵	內積演算法	精確 ℚ	10	1	50284	ok:10
D-08	Riesz 表示定理	內積演算法	精確 ℚ/ℚ(i)	10	1	11503	ok:10
D-09	伴隨算子之矩陣公式	內積演算法	精確 ℚ/ℚ(i)	10	1	13783	ok:10
D-10	Fourier 係數與合成	內積演算法	精確 ℚ	10	1	2328	ok:10
D-11	Bessel 不等式	內積演算法	精確 ℚ	10	1	1873	ok:10
D-12	Parseval 恆等式	內積演算法	精確 ℚ	10	1	1738	ok:10
D-13	Cauchy–Schwarz 不等式（精確憑證）	內積演算法	精確 ℚ/ℚ(i)	10	1	3220	ok:10
D-14	三角不等式（免開方之精確判定）	內積演算法	精確 ℚ	10	1	3432	ok:10
D-15	平行四邊形律	內積演算法	精確 ℚ	10	1	1272	ok:10
D-16	實極化恆等式	內積演算法	精確 ℚ	10	1	1799	ok:10
D-17	複極化恆等式	內積演算法	精確 ℚ(i)	10	1	1708	ok:10
D-18	畢氏定理與其逆	內積演算法	精確 ℚ	10	1	1246	ok:10
D-19	正交補與正交分解 V = W ⊕ W^⊥	內積演算法	精確 ℚ	10	1	102144	ok:10
D-20	等距判定與 Gram 之基底變換律	內積演算法	精確 ℚ	10	1	43892	ok:10
D-21	Householder 反射（抽象版）	內積演算法	精確 ℚ	10	1	1584	ok:10
D-22	最小二乘與正規方程	內積演算法	精確 ℚ	10	1	17341	ok:10
D-23	夾角與餘弦相似度	內積演算法	數值 ℝ（量）	10	1	2684	ok:10
E-01	Legendre 多項式 = 單項式基之 Gram–Schmidt	多項式空間	精確 ℚ	10	1	19021	ok:10
E-02	Legendre 正交性與範數	多項式空間	精確 ℚ	49	1	4551	ok:49
E-03	Chebyshev 合成律 T_m∘T_k = T_{mk}	多項式空間	精確 ℚ	10	1	14091	ok:10
E-04	Vandermonde 行列式公式	多項式空間	精確 ℚ	10	1	3911	ok:10
E-05	Lagrange 插值與唯一性	多項式空間	精確 ℚ	10	1	5986	ok:10
E-06	微分算子之冪零性與 Heisenberg 關係	多項式空間	精確 ℚ	10	1	26085	ok:10
E-07	Hilbert Gram 矩陣之正定性與病態性	多項式空間	精確 ℚ + 數值 ℝ	36	1	4180	ok:36
E-08	離散點值內積 Gram = VᵀV	多項式空間	精確 ℚ	10	1	3224	ok:10
E-09	M_n = Sym_n ⊥⊕ Skew_n	矩陣空間	精確 ℚ	10	1	1106	ok:10
E-10	Diag_n ≅ 𝔽ⁿ（等距同構）	矩陣空間	精確 ℚ	10	1	3188	ok:10
E-11	Herm_n(ℂ) 之實內積結構與 M_n = Herm ⊕ i·Herm	矩陣空間	精確 ℚ(i)	10	1	3615	ok:10
E-12	sl_n = I^⊥（跡零空間）	矩陣空間	精確 ℚ	10	1	1148	ok:10
E-13	加權函數空間之 δ 基底與求值泛函	函數空間	精確 ℚ	10	1	583	ok:10
E-14	列空間之投影矩陣 A(AᵀA)⁻¹Aᵀ	子空間	精確 ℚ	10	1	29056	ok:10
E-15	多變量多項式求值為環同態	多變量多項式	精確 ℚ	10	1	10150	ok:10
E-16	Bombieri 內積之正交不變性	多變量多項式	精確 ℚ	10	1	3497	ok:10
F-01	正交直和 P ⊕ Q	空間構造	精確 ℚ	10	1	1078	ok:10
F-02	張量積 P ⊗ Q	空間構造	精確 ℚ	10	1	1803	ok:10
F-03	張量算子與部分跡	空間構造	精確 ℚ	10	1	1652	ok:10
F-04	對偶空間與雙對偶自然同構	空間構造	精確 ℚ	10	1	1520	ok:10
F-05	Hom(P,Q) ≅ Q ⊗ P*（Hilbert–Schmidt 內積）	空間構造	精確 ℚ	10	1	1476	ok:10
F-06	實化與複結構 J	空間構造	精確 ℚ(i)/ℚ	10	1	3027	ok:10
F-07	內積扭曲 ⟨x,y⟩_A	空間構造	精確 ℚ	10	1	2437	ok:10
F-08	子空間構造（含相依生成集）	空間構造	精確 ℚ	10	1	17823	ok:10
F-09	組合空間之演算法通行性（組合爆炸）	空間構造	精確 ℚ	10	1	23285	ok:10
G-01	楔積之反交換律	外代數	精確 ℚ	10	1	707	ok:10
G-02	外代數之結合律與分配律	外代數	精確 ℚ	10	1	12527	ok:10
G-03	Gram 行列式定理（Λᵏ 之內積）	外代數	精確 ℚ	10	1	4455	ok:10
G-04	行列式之外代數定義	外代數	精確 ℚ	10	1	4521	ok:10
G-05	Hodge 星算子之對合律	外代數	精確 ℚ	10	1	156	ok:10
G-06	Hodge 星與內積之相容性	外代數	精確 ℚ	10	1	329	ok:10
G-07	三維叉積之古典恆等式	外代數	精確 ℚ	10	1	4003	ok:10
G-08	廣義叉積（n−1 個向量之 Hodge 補）	外代數	精確 ℚ	10	1	990	ok:10
G-09	Plücker 座標與 Plücker 關係	外代數	精確 ℚ	10	1	6878	ok:10
H-01	Cholesky 分解	數值分解	數值 ℝ	10	1	485	ok:10
H-02	LDLᵀ 分解與 Sylvester 慣性律	數值分解	數值 ℝ	10	1	1097	ok:10
H-03	Householder QR 分解	數值分解	數值 ℝ	10	1	394	ok:10
H-04	Givens 旋轉 QR 分解	數值分解	數值 ℝ	10	1	339	ok:10
H-05	Hessenberg 化簡	數值分解	數值 ℝ	10	1	547	ok:10
H-06	Jacobi 特徵分解（譜定理）	數值特徵值	數值 ℝ	10	1	1241	ok:10
H-07	無位移 QR 迭代	數值特徵值	數值 ℝ	10	1	34451	ok:10
H-08	單邊 Jacobi SVD	數值分解	數值 ℝ	10	1	1267	ok:10
H-09	Moore–Penrose 偽逆	數值分解	數值 ℝ	10	1	998	ok:10
H-10	極分解 A = UP	數值分解	數值 ℝ	10	1	1795	ok:10
H-11	矩陣指數（縮放–平方 + Taylor）	矩陣函數	數值 ℝ	10	1	2049	ok:10
H-12	對稱正定矩陣平方根	矩陣函數	數值 ℝ	10	1	948	ok:10
H-13	冪迭代與 Rayleigh 商	數值特徵值	數值 ℝ	10	1	8492	ok:10
H-14	2-範數條件數 κ₂	數值分析	數值 ℝ	10	1	1003	ok:10
H-15	共軛梯度法	迭代解法	數值 ℝ	10	1	188	ok:10
H-16	Gauss–Seidel 迭代	迭代解法	數值 ℝ	10	1	7164	ok:10
H-17	Lanczos 三對角化（完全再正交化）	Krylov 方法	數值 ℝ	10	1	509	ok:10
H-18	Arnoldi 分解	Krylov 方法	數值 ℝ	10	1	350	ok:10
H-19	DFT 矩陣之么正性與循環矩陣對角化	變換家族	數值 ℝ/ℂ	10	1	5231	ok:10
H-20	快速 Fourier 變換（遞迴 radix-2）	變換家族	數值 ℝ/ℂ	10	1	1193	ok:10
H-21	Hadamard 矩陣與快速 Walsh–Hadamard 變換	變換家族	數值 ℝ（整數精確）	10	1	707	ok:10
H-22	Haar 小波正交基	變換家族	數值 ℝ	10	1	2177	ok:10
H-23	譜不變量（跡、行列式、Frobenius 範數、譜半徑）	數值特徵值	數值 ℝ	10	1	920	ok:10
H-24	CGS 與 MGS 之正交性損失對比（Björck 界）	數值分析	數值 ℝ	10	1	4615	ok:10
H-25	ℝ 軌道之公理檢驗（相對 ε 判等）	數值分析	數值 ℝ	25	1	530	ok:25
I-01	Euler 四平方恆等式 N(pq) = N(p)N(q)	四元數	精確 ℚ	10	1	385	ok:10
I-02	共軛反自同構與乘法逆元	四元數	精確 ℚ	10	1	911	ok:10
I-03	左乘矩陣表示 L_q	四元數	精確 ℚ	10	1	4116	ok:10
I-04	單位四元數 → SO(3)（Euler–Rodrigues）	四元數	精確 ℚ	10	1	1321	ok:10
I-05	SU(2) → SO(3) 之雙重覆蓋	四元數	精確 ℚ	10	1	1771	ok:10
I-06	ℍ ↪ M₂(ℂ) 之代數嵌入	四元數	精確 ℚ(i)	10	1	2029	ok:10
I-07	ℍⁿ 作為 4n 維實內積空間	四元數	精確 ℚ	10	1	1787	ok:10
J-01	Horner 求值與求值同態	多項式代數	精確 ℚ	40	1	11842	-
J-02	多項式乘法（卷積）與次數加法	多項式代數	精確 ℚ	30	1	5813	-
J-03	由根造多項式與 Vieta 公式	多項式代數	精確 ℚ	25	1	1375	-
J-04	形式微分與積分（Leibniz、鏈鎖法則）	多項式代數	精確 ℚ	30	1	8105	-
J-05	多重指數列舉與 grlex 全序	組合核心	精確（組合）	20	1	428	-
J-06	子集列舉與楔積符號函數	組合核心	精確（組合）	27	1	218	-
K-01	多模原子層：素數池與確定性 Miller–Rabin	多模原子層	多模 𝔽p	224	1	2027	-
K-02	中國剩餘定理：Garner 累進合併與對稱提升	CRT 提升	精確 ℤ（CRT）	60	1	1768	-
K-03	Hadamard 界與素數個數之先驗決定	CRT 提升	精確 ℤ（CRT）	24	1	2052	-
K-04	整數行列式之多模 CRT（對照 Bareiss）	ℤ 層加速	精確 ℤ（CRT）	11	1	67596	-
K-05	整數矩陣秩之單素數下界篩與多素數確證	ℤ 層加速	精確 ℤ（CRT）	14	1	15142	-
K-06	整數特徵多項式之多模 Hessenberg CRT	ℤ 層加速	精確 ℤ（CRT）	7	1	85927	-
K-07	伴隨矩陣之多模 CRT（含 plan_zadj 門檻 n ≈ 7）	ℤ 層加速	精確 ℤ（CRT）	4	1	468680	-
K-08	Freivalds 乘積篩（A 管：單向可靠之否決）	篩選管線	多模 𝔽p	80	1	7722	-
K-09	Gram 行列式／k 維體積之 CRT 加速	ℤ 層加速	精確 ℤ（CRT）	9	1	7563	-
K-10	ℤ 層分派器之正向性自證	分派策略	多模 𝔽p	9	1	68438	-
L-01	有理數重建：格–歐幾里得與唯一性界	有理重建	精確 ℚ（重建+憑證）	120	1	2932	-
L-02	批次求逆（Montgomery 技巧）	多模原子層	多模 𝔽p	480	1	434	-
L-03	ℚ 線性方程組：多模解 + 有理重建 + 事後憑證	ℚ 層加速	精確 ℚ（重建+憑證）	11	1	95533	-
L-04	ℚ 反矩陣之多模重建與憑證 A·X = I	ℚ 層加速	精確 ℚ（重建+憑證）	9	1	110125	-
L-05	ℚ 之 RREF 多模重建 —— 誠實反例（實測 ×0.15，不應加速）	ℚ 層反例	精確 ℚ（重建+憑證）	11	1	24432	-
L-06	正交投影係數之模重建（Gram 正規方程）	ℚ 層加速	精確 ℚ（重建+憑證）	8	1	6811	-
L-07	最小二乘：連 AᵀA 之組裝都在 𝔽p 上完成	ℚ 層加速	精確 ℚ（重建+憑證）	9	1	53332	-
L-08	Gram 之 LDLᵀ 多模重建 —— 誠實反例（實測 ×0.6，不應加速）	ℚ 層反例	精確 ℚ（重建+憑證）	6	1	29228	-
L-09	對偶基底與 Riesz 表示之重建	ℚ 層加速	精確 ℚ（重建+憑證）	6	1	8494	-
L-10	ℚ 層分派器之正向性與壞素數統計	分派策略	精確 ℚ（重建+憑證）	4	1	51455	-
M-01	𝔽[x] 之中國剩餘定理：求值與插值互逆	𝔽[x] 層加速	精確 𝔽[x]（CRT）	40	1	609	-
M-02	數論變換 NTT：2ᵏ 次單位根上之快速 CRT	𝔽[x] 層加速	精確 𝔽[x]（CRT）	24	1	5448	-
M-03	ℤ[x] 乘法之雙層 CRT（係數 ℤ-CRT × 變數 𝔽[x]-CRT）	𝔽[x] 層加速	精確 𝔽[x]（CRT）	13	1	83640	-
M-04	ℚ[x] 乘法：清分母 + 多模 NTT	𝔽[x] 層加速	精確 𝔽[x]（CRT）	11	1	57449	-
M-05	特徵多項式之 𝔽[x] 插值路徑	𝔽[x] 層加速	精確 𝔽[x]（CRT）	7	1	53956	-
M-06	ℤ[x] gcd：模 p 篩 + 重建 + 無條件整除性憑證	𝔽[x] 層加速	精確 𝔽[x]（CRT）	9	1	71450	-
M-07	ℚ 插值之多模重建與逐點憑證	𝔽[x] 層加速	精確 𝔽[x]（CRT）	9	1	69893	-
M-08	𝔽[x] 層分派器與誠實反例（何時不該加速）	分派策略	精確 𝔽[x]（CRT）	10	1	143593	-
N-01	空間表達式之維數／Gram 遞迴與良構性	結構律	精確 ℚ	12	1	121693	-
N-02	結構律檢驗器（高階：吃演算法、吐判決）	結構律	精確 ℚ	12	1	28659	-
N-03	Kronecker–Gram 律族（⊗）：求逆、行列式、Gram	結構律	精確 ℚ	11	1	185073	-
N-04	分塊–直和律族（⊕）—— 成立但不划算之誠實登錄	結構律反例	精確 ℚ	7	1	65248	-
N-05	對偶反演律 G(A*)⁻¹ = G_A（分解法零乘法）	結構律	精確 ℚ	10	1	70202	-
N-11	合成樹 catamorphism：任意深度表達式 → 合成演算法	結構律	精確 ℚ	18	1	215428	-
N-13	結構律搜尋引擎（機械枚舉 Φ × C × ⊙）	結構律	精確 ℚ	74	1	175025	-
N-10	Sylvester–Franke 外冪律 det(Cₖ(A)) = det(A)^C(n−1,k−1)	結構律	精確 ℚ	15	1	222670	-
N-12	成本代數與合成分派（含 Hadamard 模型之誠實敗績）	結構律	精確 ℚ	16	1	228639	-
N-20	ℝ 軌 flop 計量器與孿生體忠實性	結構律	ℝ 軌（flop 計量）	12	1	1540	-
N-21	譜律族（⊗ 與 ⊕ 之特徵分解）—— 全庫增益最高之結構律	結構律	ℝ 軌（flop 計量）	17	1	87318	-
N-22	分解律族（Cholesky 與 SVD 於 ⊗ 下）	結構律	ℝ 軌（flop 計量）	16	1	190123	-
N-06	Hom 律 Hom(V,W) ≡ W ⊗ V*（複合構造子）	結構律	精確 ℚ	10	1	162457	-
N-25	快速變換即結構律（FWHT／Hadamard 為 Kronecker 樹之實例）	結構律	ℝ 軌（flop 計量）	22	1	9055	-
N-23	偽逆與投影律（⊗）	結構律	ℝ 軌（flop 計量）	10	1	63975	-
N-24	矩陣函數律（expm 於 ⊕／Kronecker 和，sqrtm 於 ⊗）	結構律	ℝ 軌（flop 計量）	16	1	21694	-
N-08	度量扭曲（同餘）律族 —— 加速律與不變量律兩類並陳	結構律	精確 ℚ + ℝ 軌	12	1	16425	-
N-09	子空間律 G_U = SᵀGS（正定性之雙向刻劃）	結構律	精確 ℚ	15	1	12640	-
N-14	反律庫（負面結果之回歸測試）	結構律反例	精確 ℚ	7	1	118914	-
N-07	實化律（ℂ → ℝ）—— 可行性律而非加速律	結構律	ℝ 軌（flop 計量）	16	1	1353	-
N-26	擴編搜尋空間並指認引擎之盲區	結構律	精確 ℚ	73	1	414	-
N-43	結構律 × CRT 加速層之 2×2 析因	結構律	精確 ℚ	38	1	219314	-
N-35	搜尋分層與 N 群效能整頓	工程紀律	工程量測	152	1	229387	-
N-30	統一成本介面與軌道標籤	工程紀律	工程量測	12	1	59173	-
N-31	多態 catamorphism —— 由定律表自動組裝演算法合成器	結構律	精確 ℚ	59	1	398156	-
N-32	SpaceExpr 擴編 —— 構造子由 4 個增為 8 個	結構律	精確 ℚ	61	1	142664	-
N-33	ℝ 軌進入搜尋引擎	結構律	ℝ 軌	63	1	14019	-
N-34	三類報酬 —— 律的價值不只有「變快」	結構律	精確 ℚ	423	1	120124	-
N-36	取樣分布修復	結構律	精確 ℚ	228	1	388168	-
N-40	規則合成 —— 由「選規則」改為「解出規則」	結構律	精確 ℚ	34	1	450385	-
N-44	定律表之版本指紋	工程紀律	工程量測	189	1	132	-
N-42	律之複合代數 —— 關於律本身的律	結構律	精確 ℚ	213	1	658765	-
N-41	k 元律與最佳結合順序	結構律	精確 ℚ	350	1	827788	-
N-45	義務自動生成 —— 生成器與交付物之間最後一道人工關卡	工程紀律	工程量測	232	1	116857	-
N-46	自動生成之義務：det∘sq 於 ⊗ 下之複合律	結構律	精確 ℚ	8	1	6505	-
N-47	內容檢定 —— 把「通過但什麼都沒說」的裁決消掉	結構律	精確 ℚ	256	1	1773391	-
N-48	ℝ 軌進入複合器 —— 以及一條搬不過去的判準	結構律	ℝ 軌	185	1	22710	-
N-49	自動生成之義務（ℝ 軌）：chol∘inv 於 ⊗ 下之複合律	結構律	ℝ 軌	4	1	1110	-
N-50	空間註冊表與座標化重編 —— 35 個空間放進同一個陣列	中端	精確 ℚ	120	1	52676	-
N-51	七個構造子與 Gram 函子性 —— 35 × 7 = 245 個相異空間	中端	精確 ℚ	508	1	162731	-
N-52	D 群 × 空間 × 構造子 全量普查（23 × 35 × 7 = 5,635 格）	中端	精確 ℚ	1443	1	1633663	-
N-53	中端規範化：空間運算式之重寫系統（10 條保 Gram 規則 + 終止測度 + 合流）	中端	精確 ℚ	268	1	1553913	-
N-54	專屬領域化：按 IR 形狀派工到特化求解器（整體 ×3.83，張量分支 ×6.04）	後端	精確 ℚ	150	1	1037805	-
N-55	ℝ 軌進中端：規範化在浮點下更準（最差相對誤差 9.14e-9 → 1.03e-14，無一式變差）	中端	精確 ℚ + 數值 ℝ	222	1	518906	-
N-56	加速層反例之全網格量測與診斷 —— 主成本因子是 ν（要重建幾個輸出）	加速層重構	精確 ℚ（重建+憑證）	44	1	2359418	-
N-57	L-08′ 前導主子式之整數 CRT —— ν 由 n²+n 降到 n，×2.0 → ×107.6	加速層重構	精確 ℚ（重建+憑證）	28	1	133389	-
N-58	L-05′ 秩與樞軸之模篩與夾擠憑證 —— ν 由 2n² 降到 1，×1.28 → ×81.9	加速層重構	精確 ℚ（重建+憑證）	24	1	383797	-
N-59	空間註冊表擴充 35 → 45（前綴保持，舊指紋續當迴歸錨）	中端	精確 ℚ	89	1	62082	-
N-60	構造子表擴充 7 → 14（14 × 45 = 630 格，SPD 630/630，維數公式 630/630）	中端	精確 ℚ	689	1	540890	-
N-61	任意三表笛卡兒積普查引擎（含逐軸敏感度與退化軸偵測）	中端	精確 ℚ	2375	1	9497952	-
N-62	義務生成器 DSL 之第二種產出：普查式義務（含三道防寫小說的檢查）	中端	精確 ℚ	1752	1	7895834	-
N-63	⊞ 的 k 元成本模型 —— 組裝成本看得見切法，故需自己的區間 DP	中端	精確 ℚ	23969	1	306257	-
N-64	類 B 交換律帶著置換進主流程 —— 逐元健全性取代 det+trace	中端	精確 ℚ	144	1	417308	-
N-65	子空間之特化求解路徑 —— 要的不是 G(A)，是 G(A)·S	中端	精確 ℚ	80	1	435096	-
N-66	N-40 接中端 —— 算子層規則由合成器供應，而手寫的那條是錯的	中端	精確 ℚ	110	1	1902423	-
N-67	範式的結合順序接上 N-41 的 k 元 DP —— A10 的成本代價歸零	中端	精確 ℚ	222	1	831750	-
N-68	非建構子：商空間、遺忘內積、完備化 —— 用量測區分「能不能當重寫規則」	中端	精確 ℚ	150	1	97234	-
N-69	L-05″ 秩之整數分解憑證 —— 秩虧情形由 ×1.08 翻到 ×29.8	加速層重構	精確 ℚ（重建+憑證）	36	1	5306683	-
N-70	檢驗 N-56 的預測 —— 砍 k 在三條 ℚ 管線上都沒用	加速層重構	精確 ℚ（重建+憑證）	46	1	4757446	-
N-71	外冪與 Kron 和之特化求解 —— Cauchy–Binet 與 Sylvester，派工表至此全滿	中端	精確 ℚ	68	1	2352301	-
N-72	一元構造子之算子層規則 —— 合成器自己試出 M⁻ᵀ，並撞上假設類的邊界	中端	精確 ℚ	131	1	10900062	-
N-73	普查引擎推廣到 N 元 —— 三元時必須逐格退回 N-61	中端	精確 ℚ	1612	1	7402496	-
N-74	義務生成器之第三種產出：成本比對式義務	中端	精確 ℚ	80	1	2987682	-
N-75	對稱平方之封閉式 Gram（按形狀派工）	中端	精確 ℚ	139	1	1225952	-
N-76	Sylvester 判準之 Θ(n³) 整數路徑	中端	精確 ℚ	777	1	1369250	-
N-77	普查備忘錄與繞過不變量	中端	精確 ℚ	10	1	206724	-
N-78	七構造子之封閉式 Gram 總表	中端	精確 ℚ	353	1	581612	-
N-79	餘維一外冪即對偶扭轉	中端	精確 ℚ	135	1	1880658	-
N-80	雙對偶即恆等函子	中端	精確 ℚ	360	1	924669	-
N-81	全部空間 × 七構造子之深度交叉普查	中端	精確 ℚ	2205	1	821427	-
N-82	七構造子之交換圖	中端	精確 ℚ	1897	1	2074913	-
N-83	正交直和 × 全部空間配對	中端	精確 ℚ	12150	1	1433014	-
N-84	張量積 × 全部空間配對	中端	精確 ℚ	13115	1	8552350	-
N-85	直和與張量積之分配律與結合律	中端	精確 ℚ	113796	1	7661570	-
N-86	Kronecker 結構之免物化運算與 LDLᵀ 證書	中端	精確 ℚ	6476	1	10165267	-
